subject,samples,qwk,fisher_z,recovered_kappa,pearson,p_value,auc,accuracy,kappa
Frans,21,0.10758153324862363,0.1079994813474173,0.10758153324862366,0.1808013946363799,0.43286483464757,0.673469387755102,0.6190476190476191,-0.09090909090909083
