subject,samples,qwk,fisher_z,recovered_kappa,pearson,p_value,auc,accuracy,kappa
Recht,523,0.6873628192601995,0.8429393879655165,0.6873628192601995,0.6994405427311603,4.934854380710263e-78,0.8949372673905536,0.8279158699808795,0.5994451630471781
