subject,samples,qwk,fisher_z,recovered_kappa,pearson,p_value,auc,accuracy,kappa
_ALL_,1675,0.6203084395090938,0.7255062823267632,0.6203084395090936,0.6319033244795489,2.1632213104025597e-187,0.8655754929663672,0.7844776119402985,0.5567272554000213
