subject,samples,qwk,fisher_z,recovered_kappa,pearson,p_value,auc,accuracy,kappa
Geschiedenis,15,0.8672566371681416,1.3219039661869283,0.8672566371681416,0.8749999999999999,1.9522613815941e-05,0.9375,0.9333333333333333,0.8672566371681416
