subject,samples,qwk,fisher_z,recovered_kappa,pearson,p_value,auc,accuracy,kappa
Godsdienst,212,0.5402476300854187,0.6045052314884123,0.5402476300854187,0.5989714864565061,4.965879927441035e-22,0.8028212887148451,0.6839622641509434,0.3679245283018868
