subject,samples,qwk,fisher_z,recovered_kappa,pearson,p_value,auc,accuracy,kappa
Overig,735,0.3306579146725418,0.3435667519226321,0.3306579146725418,0.32415784399355196,1.9178036267322036e-19,0.7802826527912514,0.9115646258503401,0.4067354617591178
