subject,samples,qwk,fisher_z,recovered_kappa,pearson,p_value,auc,accuracy,kappa
Natuurwetenschappen,23,0.7234194546969878,0.9147817848353935,0.7234194546969878,0.7399183053355433,5.447371621924664e-05,0.9215686274509803,0.8260869565217391,0.42500000000000004
