subject,samples,qwk,fisher_z,recovered_kappa,pearson,p_value,auc,accuracy,kappa
Overig,771,0.5786718179088752,0.6604635455047466,0.5786718179088752,0.5950028850240363,5.132725887864861e-75,0.8504276685857984,0.7769130998702983,0.5380402976339771
