subject,samples,qwk,fisher_z,recovered_kappa,pearson,p_value,auc,accuracy,kappa
Informatica,24,0.3157894736842106,0.32696323370333213,0.3157894736842107,0.38202872398020793,0.06544162717440814,0.60625,0.8333333333333334,0.25
