subject,samples,qwk,fisher_z,recovered_kappa,pearson,p_value,auc,accuracy,kappa
Nederlands,14,0.24096385542168675,0.24579713091905145,0.2409638554216867,0.3042903097250924,0.29017124025683916,0.7083333333333334,0.8571428571428571,0.0
