subject,samples,qwk,fisher_z,recovered_kappa,pearson,p_value,auc,accuracy,kappa
Natuurwetenschappen,56,0.49073438572409056,0.5370272189432228,0.4907343857240906,0.5895758880365268,1.7439723121923661e-06,0.872093023255814,0.6428571428571429,0.34807916181606524
