subject,samples,qwk,fisher_z,recovered_kappa,pearson,p_value,auc,accuracy,kappa
Muziek,99,0.5990257518951314,0.6916263058248887,0.5990257518951314,0.6748282881643983,1.875726805850936e-14,0.8414473684210525,0.8383838383838383,0.31369150779896016
