subject,samples,qwk,fisher_z,recovered_kappa,pearson,p_value,auc,accuracy,kappa
Godsdienst,125,0.10662624583363889,0.10703310835596755,0.10662624583363892,0.14376707749274056,0.10970115072825526,0.6338797814207651,0.936,-0.030927835051546504
