subject,samples,qwk,fisher_z,recovered_kappa,pearson,p_value,auc,accuracy,kappa
Recht,291,0.21587896140835683,0.2193295624317494,0.21587896140835683,0.22776305787216217,8.844897789279027e-05,0.6053544110147884,0.6666666666666666,0.15621917316832556
