subject,samples,qwk,fisher_z,recovered_kappa,pearson,p_value,auc,accuracy,kappa
Informatica,35,0.14883955600403642,0.14995349175888567,0.14883955600403637,0.11875622850157123,0.49684237096410855,0.7015306122448979,0.6857142857142857,-0.17021276595744683
