subject,samples,qwk,fisher_z,recovered_kappa,pearson,p_value,auc,accuracy,kappa
Frans,42,0.38374717832957106,0.4044465703756258,0.3837471783295711,0.37887625096019917,0.013349037812469999,0.9102564102564102,0.8809523809523809,0.38596491228070173
