subject,samples,qwk,fisher_z,recovered_kappa,pearson,p_value,auc,accuracy,kappa
_ALL_,1350,0.34184212741526965,0.3561769201720079,0.3418421274152696,0.3471296399447258,1.6199499605400626e-39,0.740767277418512,0.8451851851851852,0.26933296042511545
